Wer Liebe Lebt,4:08,Michelle,Michelle Best Of,Pop,
Wirst Du Noch Da Sein,3:55,Michelle,Michelle Best Of,Pop,
Nenn Es Liebe Oder Wahnsinn,4:19,Michelle,Michelle Best Of,Pop,
Ich Schicke Dir Jetzt Einen Engel,4:01,Michelle,Michelle Best Of,Pop,
Im Auge Des Orkans,3:10,Michelle,Michelle Best Of,Pop,
Kleine Prinzessin,3:05,Michelle,Michelle Best Of,Pop,
So Was Wie Liebe,4:02,Michelle,Michelle Best Of,Pop,
Und Wir Wollten Doch Mal Fliegen,4:04,Michelle,Michelle Best Of,Pop,
Blue Angel,4:19,Michelle,Michelle Best Of,Pop,
Heut Ist Mein Tag,3:48,Michelle,Michelle Best Of,Pop,
Kinderaugen,4:20,Michelle,Michelle Best Of,Pop,
Dein Püppchen Tanzt Nicht Mehr,3:42,Michelle,Michelle Best Of,Pop,
Du Und Die Das Geht Nie,3:44,Michelle,Michelle Best Of,Pop,
Wie Flammen Im Wind,3:41,Michelle,Michelle Best Of,Pop,
Tief In Mir Lebt Ein Traum,3:45,Michelle,Michelle Best Of,Pop,
Der Letzte Akkord (Sag Einmal Noch: "Ich Liebe Dich"),3:47,Michelle,Michelle Best Of,Pop,
